任务ID,工作流,阶段,任务名称,对应文档/章节,估算人日(下限-上限),负责人(占位),迭代Sprint,里程碑,优先级,依赖/阻塞,状态
T-001,底座与联调前置,P0底座,"Redis/j2cache配置生效(阻断A,已通过Nacos推送j2cache路径修复,无需重启,网关实测200)",26-联调就绪检查清单.md §2,1-2,运维/DBA,S1,M0,P0b,已解除,已完成
T-002,底座与联调前置,P0底座,"三端接口注册进 pd_auth.pd_auth_resource(阻断C,48→90→383条;2026-10-07补注册管理端293接口)",26-联调就绪检查清单.md §2 / 需求文档v2 §5.1·§9.3,2-3,后端组,S1,M0,P0b,已执行阻断C_三端接口注册与账号闭环.sql,已完成
T-003,底座与联调前置,P0底座,多端契约与网关鉴权锁定(统一走 /api + token 头),09-多端数据打通与统一领域模型.md §4,2-3,架构,S1,M0,P1,依赖 T-001/T-002 联调可用,待开始
T-004,底座与联调前置,P0底座,"R6-1 数据分类分级目录落地(pd-base/pd-user)（2026-10-08 EC-01：P1 限期补，随 M0 底座落地但不阻塞 M1）（2026-10-08 用户拍板定稿：3-5 人日，复核依据=字段分级梳理 1-2d+字典表设计 1d+pd-base/pd-user CRUD 接口 1-2d，纯配置类无新业务接口）",11-合规开发优先级清单.md #4 / 后端接口文档 §13 R6-1,3-5,后端组,S1,M0,P1,合规P1前置;其他R6项依赖此（EC-01 口径统一；2026-10-08 用户拍板定稿）,待开始
T-005,合规P0(上线闸口),P1闸口核心,R1-1 投递确认(派件前强制选上门/柜/驿站+二次确认留痕),11-合规开发优先级清单.md #1 / 快递员端任务卡 C-5 / 客户小程序 P1-3,3-5,前端组(uni-app),S1-S2,M1,P0c,依赖 T-003,待开始
T-006,合规P0(上线闸口),P1闸口核心,R2-2 北斗离线禁排班(pd-dispatch 校验+ D-10 展示),11-合规开发优先级清单.md #2 / 后端接口文档 §13 R2-2,4-6,后端组+前端组,S1-S2,M1,P0c,"前置 R2-1 北斗字段(已规划,不晚于W2)",待开始
T-007,合规P0(上线闸口),P1闸口核心,R2-3 轨迹真实性(pd-netty 设备标识+时间戳校验),11-合规开发优先级清单.md #3 / 后端接口文档 §13 R2-3,3-5,后端组,S1-S2,M1,P0c,依赖 R2-1,待开始
T-008,合规P1,P3深化,"R6-2 单独同意(采集位置前显式授权,禁静默)（2026-10-08 EC-01：P1 限期补，不阻塞 M1）（2026-10-08 用户拍板定稿：2-3 人日，复核依据=客户小程序隐私弹窗 1-1.5d+司机端定位授权弹窗 1-1.5d，复用本地存储授权状态，无后端新接口）",11-合规开发优先级清单.md #5 / 客户小程序 P1-1 / 司机端 D-P0-1,2-3,前端组(uni-app),S4-S5,M3,P1,依赖 T-003;EC-01 自原 P0 下移（2026-10-08 用户拍板定稿）,待开始
T-009,合规P1,P3深化,"R6-3 审计日志页(个人信息/轨迹查询导出留痕≥6月)（2026-10-08 EC-01：P1 限期补，不阻塞 M1）（2026-10-08 用户拍板定稿：3-5 人日，复核依据=复用 pd-auth-server 既有 loginLog/optLog 接口，前端整合列表+筛选+导出 2-3d，后端导出留痕扩展 1-2d，不新建独立审计服务）",11-合规开发优先级清单.md #6 / 管理端业务页面开发任务卡 §五,3-5,前端组(管理端)+后端组,S4-S5,M3,P1,依赖 T-004;EC-01 自原 P0 下移（2026-10-08 用户拍板定稿）,待开始
T-010,合规P1,P3深化,"R6-5 防越权(订单/轨迹查询强制鉴权+境内存储加密)（2026-10-08 EC-01：P1 限期补，不阻塞 M1）（2026-10-08 用户拍板定稿：3-5 人日，复核依据=pd-oms/pd-work/pd-netty 订单/轨迹查询业务级越权校验 2-3d+敏感字段基础加密 1-2d；若扩展字段级加密/密钥管理需追加）",11-合规开发优先级清单.md #7 / 后端接口文档 §13 R6-5,3-5,后端组,S4-S5,M3,P1,依赖 T-004;EC-01 自原 P0 下移（2026-10-08 用户拍板定稿）,待开始
T-011,第一梯队·核心闭环,P1闸口核心,订单12级状态机联调闭环,开发规范与需求规格说明书(状态机),4-6,后端组,S2,M1,P1,依赖 T-003,待开始
T-012,第一梯队·核心闭环,P1闸口核心,运单管理联调(合单/拆单标记),管理端业务页面开发任务卡 §二,3-5,后端组,S2,M1,P1,依赖 T-011,待开始
T-013,第一梯队·核心闭环,P1闸口核心,运输任务5级闭环看板联调,管理端业务页面开发任务卡 §三,4-6,后端组,S2,M1,P1,依赖 T-011,待开始
T-014,第一梯队·核心闭环,P1闸口核心,调度 Quartz 5 阶段联调,财务结算与调度运力IoT任务卡 DSP,3-5,后端组,S2,M1,P1,依赖 T-013,待开始
T-015,移动端·客户小程序,P2 MVP,公共能力(uni.request拦截器/JWT/Pinia/地图适配),客户小程序开发任务卡 公共能力,5-8,前端组(uni-app),S2,M2,P1,依赖 T-003,待开始
T-016,移动端·客户小程序,P2 MVP,"P0-0 微信登录(POST /member/wxlogin,新增端点)",客户小程序开发任务卡 P1-1,3-5,前端组+后端组,S2,M2,P1,依赖 T-003;R6-2,待开始
T-017,移动端·客户小程序,P2 MVP,P0-1 寄件下单(MailingSaveDTO),客户小程序开发任务卡 P1-2,4-6,前端组,S2-S3,M2,P1,依赖 T-015,待开始
T-018,移动端·客户小程序,P2 MVP,P0-2 订单查询+轨迹轮询(/trace/latest),客户小程序开发任务卡 P1-3,3-5,前端组,S2-S3,M2,P1,依赖 T-015;轨迹无orderId缺口,待开始
T-019,移动端·客户小程序,P2 MVP,P0-3 地址簿(含投递偏好 R1-2),客户小程序开发任务卡 P1-8,3-4,前端组,S2-S3,M2,P1,依赖 T-015,待开始
T-020,移动端·客户小程序,P2 MVP,"客户卡 P0-4 个人中心(脱敏 R6-4)（2026-10-08 二轮审查回写：EC-20，标注来源卡以区别于北斗 P0-4 字段最小改造）",客户小程序开发任务卡 P1-4,2-3,前端组,S2-S3,M2,P2,依赖 T-015,待开始
T-021,移动端·客户小程序,P2 MVP,P0-5 消息中心,客户小程序开发任务卡 P1-5,2-3,前端组,S2-S3,M2,P2,依赖 T-015,待开始
T-022,移动端·客户小程序,P2 MVP,P1-1~10 其余页(寄件记录/支付/评价/客服/设置/帮助),客户小程序开发任务卡 P1 系列,8-12,前端组,S3-S4,M2,P2,依赖 T-017~T-021,待开始
T-023,移动端·司机端,P2 MVP,公共能力复用(客户工程分包),司机端任务卡 D 公共,2-3,前端组(uni-app),S2,M2,P1,依赖 T-015,待开始
T-024,移动端·司机端,P2 MVP,"D-P0-1 定位服务(北斗/GPS双模,禁纯网络)",司机端任务卡 D-P0-1 (R6-2),3-5,前端组,S2-S3,M2,P1,依赖 T-023;R6-2,待开始
T-025,移动端·司机端,P2 MVP,D-P0-2 登录(复用 /api/auth/anno/login),司机端任务卡 D-P0-2,2-3,前端组+后端组,S2-S3,M2,P1,依赖 T-023,待开始
T-026,移动端·司机端,P2 MVP,D-P0-3 任务大厅,司机端任务卡 D-P0-3,3-4,前端组,S2-S3,M2,P1,依赖 T-024,待开始
T-027,移动端·司机端,P2 MVP,D-1 接单/任务详情,司机端任务卡 D-1,3-4,前端组,S3,M2,P2,依赖 T-026,待开始
T-028,移动端·司机端,P2 MVP,D-2 运输执行(定时上报位置 /netty/push),司机端任务卡 D-2,4-6,前端组,S3,M2,P2,依赖 T-026,待开始
T-029,移动端·司机端,P2 MVP,D-3 签收 POD(签名+拍照+GPS水印),司机端任务卡 D-3,4-5,前端组,S3,M2,P2,依赖 T-028,待开始
T-030,移动端·司机端,P2 MVP,D-4 异常上报,司机端任务卡 D-4,2-3,前端组,S3,M2,P2,依赖 T-026,待开始
T-031,移动端·司机端,P2 MVP,D-5 运费/工资查询,司机端任务卡 D-5,2-3,前端组,S3-S4,M2,P2,依赖 FIN-2,待开始
T-032,移动端·司机端,P2 MVP,D-6 消息中心,司机端任务卡 D-6,2-3,前端组,S3-S4,M2,P2,依赖 T-023,待开始
T-033,移动端·司机端,P2 MVP,D-7~11 车辆信息(D-10 R2-2/R6-4)/个人中心/设置等,司机端任务卡 D-7~11,6-9,前端组,S3-S4,M2,P2,依赖 T-026,待开始
T-034,移动端·快递员端,P2 MVP,公共能力复用(客户工程分包),快递员端任务卡 C 公共,2-3,前端组(uni-app),S2,M2,P1,依赖 T-015,待开始
T-035,移动端·快递员端,P2 MVP,C-P0-1 登录(复用 /api/auth/anno/login),快递员端任务卡 C-P0-1,2-3,前端组+后端组,S2-S3,M2,P1,依赖 T-034,待开始
T-036,移动端·快递员端,P2 MVP,C-P0-2 取派任务列表,快递员端任务卡 C-P0-2,3-4,前端组,S2-S3,M2,P1,依赖 T-034,待开始
T-037,移动端·快递员端,P2 MVP,C-1 派件执行,快递员端任务卡 C-1,3-4,前端组,S3,M2,P2,依赖 T-036,待开始
T-038,移动端·快递员端,P2 MVP,C-2 收件/揽收,快递员端任务卡 C-2,3-4,前端组,S3,M2,P2,依赖 T-036,待开始
T-039,移动端·快递员端,P2 MVP,C-3 签收 POD(含 R1-1 投递确认),快递员端任务卡 C-3 (R1-1),4-5,前端组,S3,M2,P1,依赖 T-037;R1-1,待开始
T-040,移动端·快递员端,P2 MVP,C-4 异常上报,快递员端任务卡 C-4,2-3,前端组,S3,M2,P2,依赖 T-036,待开始
T-041,移动端·快递员端,P2 MVP,C-5 轨迹查看(轮询 /trace/latest),快递员端任务卡 C-5,2-3,前端组,S3-S4,M2,P2,依赖 T-036,待开始
T-042,移动端·快递员端,P2 MVP,C-6 个人中心(脱敏 R6-4),快递员端任务卡 C-6,2-3,前端组,S3-S4,M2,P2,依赖 T-034,待开始
T-043,移动端·快递员端,P2 MVP,C-7~10 设置/消息/帮助/统计,快递员端任务卡 C-7~10,5-8,前端组,S3-S4,M2,P2,依赖 T-036,待开始
T-044,管理端·核心业务页,P2 MVP,订单管理页(12级状态机时间轴),管理端业务页面开发任务卡 §一,4-6,前端组(管理端),S3-S4,M2,P1,依赖 T-011,待开始
T-045,管理端·核心业务页,P2 MVP,运单管理页(合单/拆单标记),管理端业务页面开发任务卡 §二 (R4-1),3-5,前端组(管理端),S3-S4,M2,P1,依赖 T-012,待开始
T-046,管理端·核心业务页,P2 MVP,运输任务闭环看板(5级+途经点),管理端业务页面开发任务卡 §三,4-6,前端组(管理端),S3-S4,M2,P1,依赖 T-013,待开始
T-047,管理端·核心业务页,P2 MVP,在途监控+调度一张图(真实地图),管理端业务页面开发任务卡 §四,6-9,前端组(管理端),S3-S4,M2,P1,依赖 T-006;地图库引入,待开始
T-048,管理端·核心业务页,P2 MVP,"车辆/司机档案CRUD(41接口, R3-1新能源字段)",管理端业务页面开发任务卡 §五,5-8,前端组(管理端)+后端组,S3-S4,M2,P1,依赖 T-013,待开始
T-049,管理端·核心业务页,P2 MVP,统一告警中心 OPS-0(前端先行mock),管理端业务页面开发任务卡 §六 (R6-4),3-5,前端组(管理端),S3-S4,M2,P2,后端 OPS-0 待建,待开始
T-050,管理端·核心业务页,P2 MVP,支付闭环(去mock/禁裸fetch),管理端业务页面开发任务卡 §七,4-6,前端组(管理端)+后端组,S3-S4,M2,P2,"pd-oms/pay 为内部Feign,需新增网关暴露",待开始
T-051,第二梯队·OPS,P3深化,"OPS-0 统一告警中心(主表 pd_transport_alert；同批 3 新表另两张 pd_task_cost/pd_truck_fuel 归 OPS-4 T-055)（2026-10-08 二轮审查回写：EC-21，原'3 新表 pd_transport_alert'括注不全，已按 OPS 任务卡 §8 明确表名归属）",运营可视化与成本管控任务卡 OPS-0 / §8 DDL 汇总,6-9,后端组,S3-S4,M3,P1,依赖 T-013,待开始
T-052,第二梯队·OPS,P3深化,OPS-1 时效预警,运营可视化与成本管控任务卡 OPS-1,4-6,后端组,S3-S4,M3,P2,依赖 T-051,待开始
T-053,第二梯队·OPS,P3深化,OPS-2 ETA 预计到达,运营可视化与成本管控任务卡 OPS-2,4-6,后端组,S4,M3,P2,依赖 T-051,待开始
T-054,第二梯队·OPS,P3深化,OPS-3 车辆/司机看板,运营可视化与成本管控任务卡 OPS-3,5-8,后端组,S4,M3,P2,依赖 T-048,待开始
T-055,第二梯队·OPS,P3深化,OPS-4 趟次成本/油耗(R9绿色能耗),运营可视化与成本管控任务卡 OPS-4 (R9-1),6-9,后端组,S4-S5,M3,P2,依赖 T-013,待开始
T-056,第二梯队·OPS,P4收尾,OPS-5 司机绩效/驾驶行为(R4-2双重预防),运营可视化与成本管控任务卡 OPS-5 (R4-2),6-9,后端组,S4-S5,M3,P2,依赖 T-054;R4条件启用,待开始
T-057,第三梯队·FIN,P3深化,FIN-1 结算模块(R10-1运价透明可查),财务结算与调度运力IoT任务卡 FIN-1,8-12,后端组,S4-S5,M3,P1,依赖 T-013;OPS,待开始
T-058,第三梯队·FIN,P3深化,FIN-2 工资/提成(D-5依赖),财务结算与调度运力IoT任务卡 FIN-2,6-9,后端组,S4-S5,M3,P2,依赖 T-057,待开始
T-059,第三梯队·FIN,P3深化,FIN-3 账期管理,财务结算与调度运力IoT任务卡 FIN-3,5-8,后端组,S5,M3,P2,依赖 T-057,待开始
T-060,第三梯队·FIN,P3深化,FIN-4 利润核算,财务结算与调度运力IoT任务卡 FIN-4,5-8,后端组,S5,M3,P2,依赖 T-057;T-055,待开始
T-061,合规P1,P3深化,R1-2/3 投递偏好采集+妥投结果回写,11-合规开发优先级清单.md #8,2-3,前端组+后端组,S4-S5,M3,P1,依赖 T-005,待开始
T-062,合规P1,P3深化,R2-4 视频直传不中转(VID),11-合规开发优先级清单.md #9 / 后端 §13 R2-4,3-5,后端组,S4-S5,M3,P1,依赖 IOT-2 后端,待开始
T-063,合规P1,P3深化,R3 车辆技术等级/新能源字段(R3-1),11-合规开发优先级清单.md #10 / 管理端 §五,3-5,后端组,S4-S5,M3,P1,依赖 T-048,待开始
T-064,合规P1,P3深化,R4-1 电子运单强制填报(发车前禁执行),11-合规开发优先级清单.md #11 / 管理端 §二,3-5,后端组,S4-S5,M3,P1,依赖 T-045,待开始
T-065,合规P1,P3深化,R5-1 车证人证校验(派单校验有效),11-合规开发优先级清单.md #12 / 后端 §13 R5-1,3-5,后端组,S4-S5,M3,P1,依赖 T-014,待开始
T-066,合规P1,P3深化,R5-2 全链路留存≥3年+日志≥6月,11-合规开发优先级清单.md #13 / 后端 §13 R5-2,3-5,后端组,S5,M3,P1,依赖 T-004,待开始
T-067,合规P1,P3深化,R5-3 轨迹/运单真实(杜绝空转走单),11-合规开发优先级清单.md #14 / 后端 §13 R5-3,3-5,后端组,S5,M3,P1,依赖 T-007,待开始
T-068,合规P1,P3深化,R6-4 前端脱敏(面单/姓名/证件/轨迹),11-合规开发优先级清单.md #15 / 各端 §合规约束,3-5,前端组,S4-S5,M3,P1,依赖 T-004,待开始
T-069,合规P1,P3深化,R10-1 运价透明+运费保障(同 FIN-1),11-合规开发优先级清单.md #16 / FIN-1,2-3,后端组,S4-S5,M3,P1,与 T-057 合并,待开始
T-070,第四梯队·DSP,P4收尾,DSP-1 VRP 多约束路径规划升级,财务结算与调度运力IoT任务卡 DSP-1,10-15,后端组,S5-S6,M4,P1,依赖 T-014,待开始
T-071,第四梯队·DSP,P4收尾,DSP-2 外协运力池,财务结算与调度运力IoT任务卡 DSP-2,8-12,后端组,S5-S6,M4,P2,依赖 T-070,待开始
T-072,第四梯队·DSP,P4收尾,DSP-3 抢派双模,财务结算与调度运力IoT任务卡 DSP-3,6-9,后端组,S6,M4,P2,依赖 T-070,待开始
T-073,第五梯队·IoT,P4收尾,"IOT-1 冷链温控(后端待建,留缓冲)",财务结算与调度运力IoT任务卡 IOT-1,8-12,后端组,S6-S7,M4,P2,后端待建;缺失不影响主链路,待开始
T-074,第五梯队·IoT,P4收尾,"IOT-2 视频货损(VID 后端待建,留缓冲)",财务结算与调度运力IoT任务卡 IOT-2 (R2-4),10-15,后端组,S6-S7,M4,P2,后端待建;与 T-062 合并,待开始
T-075,第五梯队·IoT,P4收尾,IOT-3 能源结算(R9 能耗),财务结算与调度运力IoT任务卡 IOT-3,6-9,后端组,S6-S7,M4,P2,依赖 T-055,待开始
T-076,合规P2,P4收尾,R9 绿色能耗(OPS-4 能源占比统计),11-合规开发优先级清单.md #17 / OPS-4,3-5,后端组,S7,M4,P2,依赖 T-055;R3-1,待开始
T-077,合规P2,P4收尾,R4-2 双重预防(风险分级+隐患看板),11-合规开发优先级清单.md #18 / OPS-5,3-5,后端组,S7,M4,P2,依赖 T-056;R4条件启用,待开始
T-078,合规P2,P4收尾,R10-3 司机参保/健康(司机档案字段),11-合规开发优先级清单.md #19 / 司机端 D-10/D-11,2-3,前端组+后端组,S7,M4,P2,依赖 T-033,待开始
