父任务ID,子任务ID,子任务名称,验收标准(DoD),负责人(占位),所属Sprint,优先级
T-001,T-001-1,备份当前 gateway/auth 容器运行配置与 Nacos 配置快照,备份落盘 .workbuddy/nacos-backup/ 且可回滚,运维/DBA,S1,P0b
T-001,T-001-2,"修正网关 j2cache.config-location 并推送 Nacos(无需重启)",网关 AccessFilter 不再 500；GET /api/auth/anno/captcha 返回 200(Nacos 推送即生效，无需重启容器),运维/后端,S1,P0b
T-001,T-001-3,验证网关 AccessFilter 不再 500,GET /api/auth/anno/captcha 返回 200 且含有效 key；任意已注册接口经网关非 500,运维/后端,S1,P0b
T-002,T-002-1,梳理三端待注册接口清单(driver/courier/customer/mailing/address/business/cargo 等),清单与《后端接口文档》§4/§5 对齐，无遗漏,后端组,S1,P0b
T-002,T-002-2,编写 INSERT SQL(含 method/url/role 绑定) 并执行,pd_auth.pd_auth_resource 含三端接口记录；关联菜单角色,后端组/DBA,S1,P0b
T-002,T-002-3,验证网关 AccessFilter 放行三端接口,三端任一接口经网关返回 200(非 UNAUTHORIZED/未知请求),后端组,S1,P0b
T-003,T-003-1,确认统一入口 /api + JWT 头 token(7200s 无刷新),文档化并复核三端任务卡契约表,架构,S1,P1
T-003,T-003-2,复核轨迹接口缺口(无 orderId)并知会前端,前端改用 businessId+type 轮询；缺口记入已知问题清单,架构/前端,S1,P1
T-003,T-003-3,三端任务卡契约表与《后端接口文档》路径 100% 一致复核,产出一致性复核记录，无路径偏差,架构,S1,P1
T-004,T-004-1,"定义分级标准(公开/内部/重要/敏感)与判定规则（2026-10-08 EC-01：P1 限期补，随 M0 落地）",发布数据分级规范文档,后端组/架构,S1,P1
T-004,T-004-2,"标注定位集/司机信息/客户信息等级并落地配置表 pd_data_classification（2026-10-08 EC-01：P1 限期补）",配置表存在且被 R6-4/5 引用,后端组,S1,P1
T-004,T-004-3,"提供分级查询接口供脱敏/审计调用（2026-10-08 EC-01：P1 限期补）",接口返回字段级分级，单测通过,后端组,S1,P1
T-005,T-005-1,快递员端 C-5 派件前弹窗选投递方式(默认上门/柜/驿站),未选择不能进入下一步,前端组(uni-app),S1-S2,P0c
T-005,T-005-2,改投需客户二次确认并落库留痕,改投记录可回查；缺确认不可提交,前端组+后端组,S1-S2,P0c
T-005,T-005-3,客户小程序 P1-3 展示投递方式偏好与结果,与快递员端状态一致,前端组,S1-S2,P0c
T-006,T-006-1,pd-dispatch 排班/派车接口校验监控在线状态,离线/故障车辆派单接口拒绝并返回明确错误,后端组,S1-S2,P0c
T-006,T-006-2,司机端 D-10 展示在线/离线/故障并前端告警,离线车辆明显标识，司机不可接单,前端组,S1-S2,P0c
T-006,T-006-3,管理端车辆档案页同步展示监控状态,与司机端一致；可人工核对,前端组(管理端),S1-S2,P0c
T-007,T-007-1,pd-netty /push 校验设备标识+时间戳,缺设备标识或时间戳异常的点被拒或告警,后端组,S1-S2,P0c
T-007,T-007-2,跳变/伪造轨迹检测与告警,速度/位置跳变超阈值触发告警并记录,后端组,S1-S2,P0c
T-007,T-007-3,LocationRecord 记录来源 source(北斗/手机GPS/网络),轨迹表含 source 字段且上报端填充,后端组,S1-S2,P0c
T-008,T-008-1,"客户 P1-1 登录/授权页显式位置授权（2026-10-08 EC-01：P1 限期补，不阻塞 M1）",未授权不采集位置；授权可撤回,前端组,S4-S5,P1
T-008,T-008-2,"司机 D-P0-1 定位服务授权弹窗(禁静默采集)（2026-10-08 EC-01：P1 限期补）",授权记录可追溯；撤回后停止采集,前端组,S4-S5,P1
T-008,T-008-3,"授权状态后端留存供审计（2026-10-08 EC-01：P1 限期补）",授权/撤回事件入审计日志,后端组,S4-S5,P1
T-009,T-009-1,"后端敏感数据访问审计切面(订单/轨迹/个人信息)（2026-10-08 EC-01：P1 限期补）",查询/导出均留痕且含操作人+时间,后端组,S4-S5,P1
T-009,T-009-2,"管理端审计日志页(查询/导出)（2026-10-08 EC-01：P1 限期补）",可按时间/操作人/对象检索,前端组(管理端),S4-S5,P1
T-009,T-009-3,"审计日志保留策略≥6月（2026-10-08 EC-01：P1 限期补）",配置落库且过期策略生效,后端组/DBA,S4-S5,P1
T-010,T-010-1,"订单/轨迹查询接口强制鉴权(防 userid 遍历)（2026-10-08 EC-01：P1 限期补）",越权访问返回 401/403；无遍历泄露,后端组,S4-S5,P1
T-010,T-010-2,"数据境内存储 + 传输加密(HTTPS/字段加密)（2026-10-08 EC-01：P1 限期补）",配置核查通过；敏感字段落库加密,后端组,S4-S5,P1
T-010,T-010-3,"网关+pd-web 越权拦截联调验证（2026-10-08 EC-01：P1 限期补）",越权用例全过,后端组/测试,S4-S5,P1
T-011,T-011-1,后端状态机校验器联调(StateTransitionValidator 12级),非法状态转换被拒并回滚；合法转换落库；覆盖取消/拒收异常分支,后端组,S2,P1
T-011,T-011-2,管理端/三端状态展示与时间轴联调,状态变更实时反映，12级时间轴节点正确渲染,后端组,S2,P1
T-012,T-012-1,运单查询/列表接口联调,分页/状态过滤正确，列表与详情一致,后端组,S2,P1
T-012,T-012-2,合单/拆单标记联调,合单拆单标记正确持久化并可在看板查看,后端组,S2,P1
T-013,T-013-1,运输任务5级状态接口联调(depart/arrive/deliver CAS守卫),状态机守卫生效，并发更新不越级,后端组,S2,P1
T-013,T-013-2,闭环看板前端展示(途经点+司机作业),看板数据正确，途经点与司机作业联动,后端组,S2,P1
T-014,T-014-1,Quartz调度任务联调(5阶段按序触发),调度按配置触发，阶段顺序正确无漏触发,后端组,S2,P1
T-014,T-014-2,调度结果写入运输任务,调度产出正确关联运输任务状态,后端组,S2,P1
T-015,T-015-1,uni.request拦截器+JWT注入+401清空重登,请求自动带token；401自动清token跳登录,前端组(uni-app),S2,P1
T-015,T-015-2,Pinia状态+地图适配(WGS84→GCJ-02),跨页状态共享；坐标转换正确无偏移,前端组(uni-app),S2,P1
T-016,T-016-1,后端 POST /member/wxlogin 端点实现,返回token+userId；与鉴权服务打通,前端组+后端组,S2,P1
T-016,T-016-2,前端微信登录页联调(R6-2显式授权),授权后可登录；未授权不静默采集,前端组+后端组,S2,P1
T-017,T-017-1,MailingSaveDTO 下单接口联调,下单成功且校验通过；Drools运费试算一致,前端组,S2-S3,P1
T-017,T-017-2,前端寄件表单+试算联调,表单提交正确，试算与提交共用DTO,前端组,S2-S3,P1
T-018,T-018-1,订单列表/详情接口联调,列表分页与详情数据正确,前端组,S2-S3,P1
T-018,T-018-2,轨迹轮询 /trace/latest(businessId+type),轮询正确刷新；处理无orderId缺口（改用businessId）,前端组,S2-S3,P1
T-019,T-019-1,地址簿 CRUD 接口联调,增删改查正确；级联地址选择可用,前端组,S2-S3,P1
T-019,T-019-2,投递偏好字段采集(R1-2),偏好可存可取，派件端据此执行,前端组,S2-S3,P1
T-020,T-020-1,个人资料接口联调,数据正确返回,前端组,S2-S3,P2
T-020,T-020-2,前端脱敏展示(R6-4),手机/姓名/地址脱敏展示,前端组,S2-S3,P2
T-021,T-021-1,消息中心接口联调,消息列表/已读/未读状态正确,前端组,S2-S3,P2
T-022,T-022-1,寄件记录/支付/评价/客服/设置/帮助页实现,各页功能可用，路由可达,前端组,S3-S4,P2
T-022,T-022-2,全页联调验证,P1系列页面联调通过，无阻断,前端组,S3-S4,P2
T-023,T-023-1,司机端分包复用客户工程公共能力,复用拦截器/Pinia/地图适配，不重复实现,前端组(uni-app),S2,P1
T-024,T-024-1,"北斗/GPS双模定位(D-P0-1, R6-2授权弹窗)",定位准确；授权可撤回，禁纯网络定位主源,前端组,S2-S3,P1
T-025,T-025-1,复用 /api/auth/anno/login 登录联调,登录成功并拿到token；复用既有鉴权,前端组+后端组,S2-S3,P1
T-026,T-026-1,任务大厅列表/详情接口联调,任务展示与状态正确,前端组,S2-S3,P1
T-027,T-027-1,接单/任务详情操作联调,接单状态正确流转,前端组,S3,P2
T-028,T-028-1,运输执行定时上报 /netty/push(约10s),位置定时上报成功；断网重连补传,前端组,S3,P2
T-029,T-029-1,签收POD(签名+拍照+GPS水印)联调,POD数据完整；水印在端上完成，经attachment/upload,前端组,S3,P2
T-030,T-030-1,异常上报接口联调,异常类型/位置可上报并关联任务,前端组,S3,P2
T-031,T-031-1,运费/工资查询联调(依赖FIN-2),查询正确；未就绪时友好提示,前端组,S3-S4,P2
T-032,T-032-1,司机端消息中心接口联调,消息列表/已读正确,前端组,S3-S4,P2
T-033,T-033-1,D-10车辆信息(在线状态R2-2/脱敏R6-4)联调,车辆信息+合规约束生效,前端组,S3-S4,P2
T-033,T-033-2,D-7~11个人中心/设置等其余页实现,各页可用，脱敏一致,前端组,S3-S4,P2
T-034,T-034-1,快递员端分包复用客户工程公共能力,复用拦截器/Pinia/地图适配,前端组(uni-app),S2,P1
T-035,T-035-1,复用 /api/auth/anno/login 登录联调,登录成功并拿到token,前端组+后端组,S2-S3,P1
T-036,T-036-1,取派任务列表接口联调,任务列表/状态正确,前端组,S2-S3,P1
T-037,T-037-1,派件执行流程联调,派件状态正确流转,前端组,S3,P2
T-038,T-038-1,收件/揽收接口联调,揽收成功并关联订单,前端组,S3,P2
T-039,T-039-1,签收POD+投递确认(R1-1)联调,派件前选投递方式；改投二次确认留痕，缺确认禁提交,前端组,S3,P1
T-040,T-040-1,异常上报接口联调,异常可上报并关联任务,前端组,S3,P2
T-041,T-041-1,轨迹查看轮询 /trace/latest 联调,轮询正确刷新司机位置,前端组,S3-S4,P2
T-042,T-042-1,个人中心脱敏展示(R6-4),面单/姓名/证件脱敏,前端组,S3-S4,P2
T-043,T-043-1,设置/消息/帮助/统计页实现,各页可用,前端组,S3-S4,P2
T-044,T-044-1,订单管理页(列表+12级状态时间轴)实现,时间轴节点正确；状态联动,前端组(管理端),S3-S4,P1
T-045,T-045-1,"运单管理页(合单/拆单标记, R4-1电子运单约束)",运单状态展示；电子运单未填禁执行提示,前端组(管理端),S3-S4,P1
T-046,T-046-1,运输任务闭环看板(5级+途经点)实现,看板数据正确，途经点展示,前端组(管理端),S3-S4,P1
T-047,T-047-1,在途监控+调度一张图(真实地图引入),地图组件引入；实时位置轮询渲染,前端组(管理端),S3-S4,P1
T-048,T-048-1,"车辆/司机档案CRUD(41接口, R3-1新能源字段)",档案完整；新能源字段可维护,前端组(管理端)+后端组,S3-S4,P1
T-049,T-049-1,统一告警中心 OPS-0(前端先行mock),告警列表/分级展示；后端就绪可切换,前端组(管理端),S3-S4,P2
T-050,T-050-1,"支付闭环(去mock/禁裸fetch, 网关暴露pd-oms/pay)",真实支付链路打通；统一拦截器请求,前端组(管理端)+后端组,S3-S4,P2
T-051,T-051-1,告警落库表与写入服务（⚠️2026-10-09按代码事实订正：拟建的 pd_transport_alert 已作废、从未创建；现存 pd_oms.pd_alarm_record 11字段已建、GpsAlertService 同进程写入已实现）,存量核验：表存在且 status 仅 0/1 两态、GpsTraceConsumer 三类告警能落库。剩余开发仅补齐《20》§2.2 其余 7 类告警写入；同一 transportTaskId+alarmType 未处理态不得重复插入,后端组,S3-S4,P1
T-051,T-051-2,管理端告警中心页（列表现状：pd-admin-ui 无任何 alarm 页面或 API 封装；后端仅 pd-netty 三接口）,页面走网关 GET /api/netty-service/alarm 读 items/total；处理按钮调 PUT /api/netty-service/alarm/{id}/handle（无 body、幂等 0→1）；禁止写 /api/web-manager/alarm 前缀,前端组,S3-S4,P1
T-051,T-051-3,告警分级 + 通知(短信/站内),⚠️pd_alarm_record 无 level 字段、分派/认领字段亦不存在；本项须先走变更评审定字段再开工。通知链路走 RabbitMQ,后端组,S3-S4,P1
T-051,T-051-4,（作废）pd-web-manager 新建 AlarmController 暴露 /alarm/* —— 原"已定案落点"与代码事实相反,⛔本任务随《20》§2.3 落点决策一并作废：pd-web-manager 与 pd-work 均无 alarm/alert 代码（grep -ri alert pd-work/src 零命中）。现存实现已在 pd-netty；若仍要建聚合层须按 D-05 走变更评审、不得默认开工,后端组,—,已作废
T-051,T-051-5,告警接口注册进 pd_auth_resource 并绑菜单角色（数量口径归一）,待注册的真实端点为 3 条（GET /api/netty-service/alarm、PUT /api/netty-service/alarm/{id}/handle、POST /api/netty-service/alarm/report）而非旧文的 4/5/7 条。验收：未注册时网关 AccessFilter 判未知请求拒绝（阻断C）、注册并绑角色后放行、资源改动后重启网关（j2cache L1 缓存）,后端组,S3-S4,P1
T-052,T-052-1,时效规则配置(各节点时限),节点时限可配置；默认规则入库,后端组,S3-S4,P2
T-052,T-052-2,超时检测任务 + 预警生成,定时扫描；超时自动生成预警/告警,后端组,S3-S4,P2
T-053,T-053-1,ETA 计算服务(里程/路况/历史),给定运输任务返回预计到达时间,后端组,S4,P2
T-053,T-053-2,管理端 ETA 展示 + 偏差提示,看板展示 ETA 与实时偏差,后端组,S4,P2
T-054,T-054-1,车辆实时状态聚合接口,返回车辆在线/位置/任务状态,后端组,S4,P2
T-054,T-054-2,司机在途状态看板,司机任务/位置/驾驶行为聚合展示,后端组,S4,P2
T-055,T-055-1,趟次成本录入/采集(pd_task_cost),成本可录入并关联运输任务,后端组,S4-S5,P2
T-055,T-055-2,油耗统计 + 能源占比(R9),按能源类型占比统计；能耗折算,后端组,S4-S5,P2
T-055,T-055-3,成本汇总报表,按车辆/线路/时间汇总成本,后端组,S4-S5,P2
T-056,T-056-1,驾驶行为指标采集(急刹/超速/疲劳),从轨迹/视频提取行为指标,后端组,S4-S5,P2
T-056,T-056-2,绩效评分模型,按规则算出司机绩效分,后端组,S4-S5,P2
T-056,T-056-3,双重预防看板(R4-2),风险分级+隐患排查看板(受 R4 边界声明约束，仅危货/监管时强制),后端组,S4-S5,P2
T-057,T-057-1,运费计费规则引擎,按规则自动算运费,后端组,S4-S5,P1
T-057,T-057-2,结算单生成 + 对账,生成结算单并可对账,后端组,S4-S5,P1
T-057,T-057-3,运价透明查询(R10-1),客户/司机可查费率与明细；与 T-069 合并,后端组,S4-S5,P1
T-058,T-058-1,司机工资/提成计算,基于结算/绩效算工资,后端组,S4-S5,P2
T-058,T-058-2,工资单确认 + 发放记录,工资单可确认；发放留痕,后端组,S4-S5,P2
T-059,T-059-1,账期配置 + 账单生成,按账期生成账单,后端组,S5,P2
T-059,T-059-2,应收应付账龄,账龄统计展示,后端组,S5,P2
T-060,T-060-1,收入成本归集,按单/线路归集收支,后端组,S5,P2
T-060,T-060-2,利润报表,毛利/净利报表可查,后端组,S5,P2
T-061,T-061-1,地址簿投递偏好字段 + 采集,地址簿可存偏好；下单自动带出(默认上门),前端组+后端组,S4-S5,P1
T-061,T-061-2,妥投结果回写(柜号/驿站/时间),派件结果回写可查；与快递员端 C-5 联动,前端组+后端组,S4-S5,P1
T-062,T-062-1,视频上传直传通道(不经中转),司机端视频直传存储/监管，无中间转发,后端组,S4-S5,P1
T-062,T-062-2,视频与业务关联(运输任务/车辆),可按 businessId 检索回看,后端组,S4-S5,P1
T-063,T-063-1,车辆档案扩字段(能源/技术等级/检车/电池),字段入库；管理端可编辑,后端组,S4-S5,P1
T-063,T-063-2,新能源/检车到期预警,到期前触发预警(复用证照预警),后端组,S4-S5,P1
T-064,T-064-1,电子运单填报页 + 必填校验,发车前未填禁止执行,后端组,S4-S5,P1
T-064,T-064-2,运单随车/备查,可导出/打印随车,后端组,S4-S5,P1
T-065,T-065-1,派单接口校验营运证/资格证/驾照,失效证件禁止派单并返回明确错误,后端组,S4-S5,P1
T-065,T-065-2,证件到期预警,到期前预警,后端组,S4-S5,P1
T-066,T-066-1,数据留存策略(≥3年),配置留存期；过期归档,后端组,S5,P1
T-066,T-066-2,操作日志留存(≥6月),关键操作留痕≥6月可审计,后端组,S5,P1
T-067,T-067-1,轨迹连续性校验,跳变/缺失点告警,后端组,S5,P1
T-067,T-067-2,运单与轨迹一致性,空转走单/虚假轨迹检测,后端组,S5,P1
T-068,T-068-1,三端+管理端面单/姓名/证件脱敏组件,展示脱敏；授权角色才显全,前端组,S4-S5,P1
T-068,T-068-2,导出审批,导出需审批并留痕,前端组,S4-S5,P1
T-069,T-069-1,运价透明统一实现(合并 T-057-3),同 T-057-3；不重复建设,后端组,S4-S5,P1
T-070,T-070-1,VRP 算法升级(时间窗/车型/载重),返回可行路径,后端组,S5-S6,P1
T-070,T-070-2,调度集成,调度可调用返回路径,后端组,S5-S6,P1
T-071,T-071-1,外协运力注册 + 资质校验,可注册外协车辆/司机；资质校验,后端组,S5-S6,P2
T-071,T-071-2,运力池调度分配,可调度外协运力参与任务,后端组,S5-S6,P2
T-072,T-072-1,抢单模式,司机可抢单,后端组,S6,P2
T-072,T-072-2,派单 + 混合策略,派单与抢单混合可配,后端组,S6,P2
T-073,T-073-1,"温控数据接入(后端待建,留缓冲)",可接收温湿度；缺失不影响主链路,后端组,S6-S7,P2
T-073,T-073-2,温控告警,超阈值告警,后端组,S6-S7,P2
T-074,T-074-1,视频货损分析(合并 T-062),同 T-062；不重复建设,后端组,S6-S7,P2
T-075,T-075-1,能耗数据采集,采集能耗(依赖 T-055),后端组,S6-S7,P2
T-075,T-075-2,能源结算,按能耗结算并出账,后端组,S6-S7,P2
T-076,T-076-1,碳排放折算,油耗×排放因子折算；报表可查,后端组,S7,P2
T-076,T-076-2,绿色指标看板,展示能耗/碳排趋势,后端组,S7,P2
T-077,T-077-1,风险分级管控,风险分级+管控措施(受 R4 边界声明约束),后端组,S7,P2
T-077,T-077-2,隐患排查看板,隐患登记+整改闭环,后端组,S7,P2
T-078,T-078-1,司机档案参保字段,字段入库；司机端可维护,前端组+后端组,S7,P2
T-078,T-078-2,参保状态展示/预警,到期/缺失预警,前端组+后端组,S7,P2
